{"train_loss": [1.0956795811653137, 0.9531613370546927, 0.8380422408764179, 0.7375849496859771, 0.6826207557549844, 0.6388387496654804, 0.5963079436467245, 0.5772580659160247, 0.5629526617435309, 0.541822795684521, 0.5451374965218397, 0.5497305845985045, 0.5225469601842073, 0.5053103640675545, 0.5045411838934972, 0.4952315086355576, 0.4914358607851542, 0.48004418496902174, 0.4693982291680116, 0.46359681911193407], "validation_loss": [0.7166815023673209, 0.7201858236078631, 0.630329222009893, 0.6334353622637297, 0.5652293887054711, 0.7181587930311236, 0.7074377850482338, 0.5625804202598438, 0.7987375395339832, 0.7691073156239694, 0.5317156340992242, 0.8164474420380174, 0.5287878440137495, 0.4399585070317252, 0.7412861345107096, 0.5660902962350008, 0.6407215569102973, 0.6101650119873515, 0.7540035838620704, 0.6402256415601362], "validation_accuracy": [0.777106283480572, 0.7822212396174696, 0.784011158531831, 0.7975953224545946, 0.8295843391367398, 0.7728087869155806, 0.7861546082972346, 0.8310318323112246, 0.7662196817082797, 0.7763304317843234, 0.8524175364294371, 0.7768827114631367, 0.8523387119148897, 0.8853559856794148, 0.7996614537907887, 0.8572830812052725, 0.8292908158063257, 0.8423550536666292, 0.8224939978416527, 0.8309332472312209], "validation_f1": [0.44295641619665355, 0.5849068409615789, 0.7408355273272995, 0.756415790450696, 0.7770355622287214, 0.7421006632494871, 0.752488583240905, 0.7916396241818364, 0.7345318534626506, 0.743914352980043, 0.8060271685690945, 0.7469734631282164, 0.8144903249638036, 0.8481130977759905, 0.7681824456972052, 0.8210514446030868, 0.7950134169254871, 0.8087844040899949, 0.7898504813713196, 0.7981912237906693], "validation_panoptic_quality": [0, 0.02187734341941339, 0.42084772005285903, 0.47804029151256056, 0.4044640148883784, 0.5185728390569158, 0.5421676247028908, 0.5478849159542342, 0.4989868215058195, 0.5091098348376408, 0.5019021461054587, 0.5466940103950831, 0.6491906001001392, 0.6513174694600786, 0.6016276965770734, 0.6626415994787699, 0.615102695795696, 0.6633880001982573, 0.6747514962872053, 0.6043366869467102], "validation_segmentation_quality": [0, 0.7565914599213798, 0.803606848231498, 0.8214745009413211, 0.8427586629923275, 0.8398868287742935, 0.8530817340445705, 0.8645114313370881, 0.852011511550753, 0.8547744298575575, 0.8848519487149753, 0.8625980343658947, 0.8998021664632319, 0.9054562688442885, 0.8758470003214368, 0.8946976358041724, 0.8866572740217219, 0.8971948611703874, 0.8923115581742014, 0.8831192930433086], "validation_recognition_quality": [0, 0.02891566265060241, 0.5236985236985237, 0.5819295558958653, 0.47992863514719003, 0.6174318030605456, 0.6355400696864112, 0.6337509211495947, 0.5856573705179283, 0.5956072351421189, 0.5672159583694709, 0.6337760910815939, 0.7214814814814815, 0.7193251533742331, 0.6869095816464238, 0.7406318883174137, 0.6937321937321937, 0.7394023627519111, 0.7561837455830389, 0.6843205574912892]}