{"train_loss": [1.0169091986922116, 0.7470001085446432, 0.675238194087377, 0.6169510942239028, 0.6089713530471692, 0.5666229552947558, 0.557582502754835, 0.5315299773445497, 0.5268322756657233, 0.5116455724033026, 0.4991318127856805, 0.49423408393676466, 0.49099877591316515, 0.47904538907683814, 0.4749522547309215, 0.4622751104717071, 0.46565094189001965, 0.45741572288366467, 0.4682927131652832, 0.4374303511128976], "validation_loss": [0.8203441683660474, 0.5898816263989398, 0.7141682589263246, 0.5618613108731153, 0.7508773461245654, 0.7537475989053124, 0.6178315855693399, 0.5955604424602107, 0.7691688257874104, 0.7335302620603327, 0.6351257011032941, 1.1241623521373982, 0.74506478743595, 0.6284574701597816, 0.7949933953452528, 0.7818976936110279, 0.7765985416215763, 0.8249496945686507, 0.7535006709788975, 0.7821847223921826], "validation_accuracy": [0.7582925557703855, 0.8378465962807059, 0.8074979787155302, 0.8514292541181318, 0.7826365744041813, 0.7843589190800127, 0.8310412498809875, 0.847053422969968, 0.8087102866844328, 0.7997862774177619, 0.8375492079361117, 0.6957705803068382, 0.7950404210622659, 0.8398879588640553, 0.8042061660984582, 0.8128229883930358, 0.7977094401737449, 0.800098418140424, 0.8199998660854242, 0.8089051160612043], "validation_f1": [0.7185420459249596, 0.7835231369186606, 0.7730159926059454, 0.8126478757258337, 0.7520826812535116, 0.7517804113758741, 0.7945119365987741, 0.8071579053013935, 0.7760958105973161, 0.7683829573025179, 0.8036799834088488, 0.6744133111326589, 0.7643528231684892, 0.8072930778051722, 0.7723914857025065, 0.7814268211942078, 0.7675824336367492, 0.7696799417973932, 0.7880065692088356, 0.7775723593884045], "validation_panoptic_quality": [0.33413834229480815, 0.3735797339710832, 0.5947476820571787, 0.5879483753444195, 0.5694884880483903, 0.5649677380506878, 0.5891027062384817, 0.5942415141478137, 0.6438308622093671, 0.6171587267515017, 0.6636495494924141, 0.42726276803337304, 0.617623190515526, 0.7001655566150011, 0.6523762147475077, 0.6666351283718377, 0.6339326924642636, 0.6537986712504577, 0.6821462841413302, 0.6626367841041477], "validation_segmentation_quality": [0.7865945238284335, 0.837066623835622, 0.8683316158034808, 0.8741523201706677, 0.8637839016834599, 0.8665716942808038, 0.8797783836587852, 0.8956373900285393, 0.8949380111158718, 0.8845519327978402, 0.8995857961750783, 0.8324964005446417, 0.8830928074914979, 0.9077193238667276, 0.8971775055466709, 0.8957528690188312, 0.8914306810543444, 0.8945098581232721, 0.9069297263440922, 0.9007911590242603], "validation_recognition_quality": [0.42479108635097496, 0.4462962962962963, 0.684931506849315, 0.6725925925925926, 0.6592950932964755, 0.6519572953736655, 0.6696035242290749, 0.6634844868735084, 0.7194139194139194, 0.6977077363896849, 0.7377279102384292, 0.5132307692307693, 0.6993865030674846, 0.7713458755426917, 0.7271428571428571, 0.7442176870748299, 0.7111407605070047, 0.7309015829318651, 0.7521489971346705, 0.7356164383561644]}