{"train_loss": [0.7355102061111236, 0.5026884102097181, 0.4265199679080571, 0.3709985096599454, 0.3285580376459059, 0.29997310428140317, 0.2786204570225466, 0.25712137509172206, 0.24092963463235123, 0.2314452975988388, 0.2205797592891711, 0.20867794607983572, 0.20418551941619856, 0.19620307571837836, 0.1930066394053887, 0.18790208675733236, 0.1790032025948863, 0.17810410905246424, 0.17719567910393821, 0.17216377116948645], "validation_loss": [0.796442094941082, 0.6617781520145426, 0.6952707671638623, 0.8733842423502004, 0.745872404675541, 0.9148312845550107, 0.9519566527310612, 1.0654552671195712, 1.0371123386952725, 0.917043012472614, 1.0624412976294808, 1.0026993029087936, 1.1168221761927801, 1.0102968589877181, 1.048212116152866, 1.1390546690896282, 1.1120297265195929, 0.9869032508053052, 1.1723146349523939, 1.2492832911438845], "validation_accuracy": [0.7938596864486379, 0.8305505926817789, 0.8296120293322277, 0.8204390260534437, 0.8493339083555056, 0.8291755912051801, 0.8303993671973778, 0.8043954429196469, 0.8199664963151082, 0.8408048926506828, 0.8239651891781998, 0.8381572853548498, 0.8252004694849056, 0.8439890836757243, 0.8385458190807911, 0.8307557650542439, 0.8370580063687086, 0.8509354032921828, 0.8304985147911824, 0.8244719415303559], "validation_f1": [0.7580493149550276, 0.786416363574357, 0.7825715495764103, 0.783755281907681, 0.8129653412562503, 0.7941060513987626, 0.7956766385111846, 0.7716901400235969, 0.786304110749525, 0.80416936026854, 0.7894334526466481, 0.8042007910869629, 0.7917627602192716, 0.8111059570518138, 0.8046953298784818, 0.7975960555245121, 0.8039916504897353, 0.8175935982167031, 0.7973787017721383, 0.7919446020174536], "validation_panoptic_quality": [0.4999697492158599, 0.4765075733015187, 0.47640381143063004, 0.6077155198623043, 0.648706522335468, 0.6530734176770504, 0.6570656134808384, 0.6351294360919199, 0.6647512513312908, 0.6773059125198504, 0.6753202365035258, 0.7132198055390598, 0.6923238940307969, 0.7047638343095527, 0.6984674285281, 0.6946285216452063, 0.714227270669575, 0.7177314463847854, 0.6970117060067968, 0.686865347591141], "validation_segmentation_quality": [0.8139042429095393, 0.8391246002370151, 0.8460504662381496, 0.8749115050778369, 0.8895042780908243, 0.8939821050197588, 0.8992780357051474, 0.8884469568453446, 0.905015027248511, 0.9057151188861936, 0.9036799696564521, 0.9089927096472861, 0.9062441983661554, 0.914499467070806, 0.9119612463046135, 0.914088955903132, 0.9158761357948649, 0.9200494603841934, 0.9143383896212757, 0.9102570681161102], "validation_recognition_quality": [0.6142857142857143, 0.5678627145085804, 0.5630914826498423, 0.6946022727272727, 0.7292899408284024, 0.7305218012866334, 0.7306590257879656, 0.7148760330578512, 0.7345195729537367, 0.7478134110787172, 0.7473002159827213, 0.7846265409717187, 0.7639484978540773, 0.7706552706552706, 0.7658959537572254, 0.7599134823359769, 0.7798295454545454, 0.7801009372746935, 0.7623126338329764, 0.7545839210155149]}